speech_id,title,date,url,speaker,word_count,sentence_count,char_count,duration_estimate_minutes,avg_sentence_length,std_sentence_length,max_sentence_length,min_sentence_length,type_token_ratio,lexical_diversity,unique_word_count,readability_flesch_reading_ease,readability_flesch_kincaid_grade,readability_gunning_fog,readability_smog_index,readability_coleman_liau_index,readability_automated_readability_index,avg_word_length,anaphora_total,anaphora__we_will,anaphora__i_will,anaphora__they_are,anaphora__we_are,anaphora__this_is,contrast_markers,repetition_density,alliteration_count,keywords_economy,keywords_security,keywords_immigration,keywords_foreign_policy,keywords_total,sentiment_neg,sentiment_neu,sentiment_pos,sentiment_compound,sentiment_mean,sentiment_variance,sentiment_std,sentiment_max,sentiment_min,sentiment_range,emotion_anger,emotion_fear,emotion_joy,emotion_sadness,emotion_surprise,emotion_disgust,emotion_trust,emotion_anticipation,dominant_emotion,dominant_emotion_score,pronoun_first_singular,pronoun_first_plural,pronoun_second_person,pronoun_third_plural,pronoun_third_singular,pronoun_i_we_ratio,pronoun_total,modal_will,modal_would,modal_should,modal_shall,modal_must,modal_can,modal_could,modal_may,modal_might,modal_ought,modal_total,certainty_markers,power_words,affiliation_words,power_affiliation_ratio,ner_person_count,ner_org_count,ner_gpe_count,ner_date_count,ner_money_count,ner_norp_count,ner_fac_count,ner_loc_count,ner_total_entities,top_person_names,top_org_names,top_gpe_names,adj_count,adv_count,adj_adv_ratio,question_count,exclamation_count,all_caps_words,superlative_count,features_extracted_at
_rutte-and-trump-at-white-house,Rutte and Trump at White House,,https://www.rev.com/transcripts/rutte-and-trump-at-white-house,Donald Trump,7764,733,41675,51.76,10.593451568894952,7.621221231047277,47,1,0.13628071681510892,0.13628071681510892,1270,76.8627883377466,5.516114393727861,7.715098350446041,8.99765679554686,6.295742717806775,5.135472139001003,4.182851792402354,8,0,0,1,4,3,71,0.25759917568263785,405,4,10,7,36,57,0.087,0.787,0.126,0.9999,0.04635948158253751,0.11688019725321011,0.34187745941083936,0.9217,-0.9517,1.8734,0,0,0,0,0,0,0,0,anger,0,189,262,164,177,297,0.7213740458015268,1089,17,26,14,0,0,37,11,3,2,0,110,12,8,18,0.4444444444444444,135,35,113,66,14,32,5,16,416,"Donald Trump, Mark Rutte, Putin, Biden, Xi","NATO, the White House, the Supreme Court, Congress, Wall Street Journal","Ukraine, Russia, the United States, China, Colombia",396,512,0.7734375,36,0,36,21,2025-11-23T01:56:56.754165
_trump-speaks-at-senate-luncheon,Trump Speaks at Senate Luncheon,,https://www.rev.com/transcripts/trump-speaks-at-senate-luncheon,Donald Trump,7873,774,41815,52.486666666666665,10.175710594315245,7.849200765710506,64,1,0.13716092188456047,0.13716092188456047,1345,82.3801319925379,4.484360083934593,6.548495509385852,8.320805634523511,5.123547400611621,4.341484881689016,4.001414790996785,16,1,0,1,2,12,85,0.2540327702273593,453,14,23,10,10,57,0.075,0.785,0.139,1.0,0.07529483204134367,0.12587870284150926,0.3547938878299755,0.9517,-0.8779,1.8296000000000001,0,0,0,0,0,0,0,0,anger,0,284,298,216,209,410,0.9530201342281879,1417,11,12,7,0,0,30,10,2,1,0,73,3,5,12,0.4166666666666667,99,39,44,48,19,38,4,2,293,"John, Tim, Donald Trump, James, Biden","Senate, Social Security, the White House, House, Congress","China, US, South Korea, Japan, Canada",511,534,0.9569288389513109,43,0,27,22,2025-11-23T01:56:56.827678
_zelensky-meeting-at-white-house,Zelensky Meeting at White House,,https://www.rev.com/transcripts/zelensky-meeting-at-white-house,Donald Trump,6719,720,36319,44.79333333333334,9.334722222222222,7.240159216370526,48,1,0.13706587566431838,0.13706587566431838,1109,76.35140164611146,5.317332003912053,7.80978267772542,9.25467305139582,6.311572519083974,4.769468542160347,4.234893089556864,6,1,1,0,0,4,70,0.5953266855186784,370,7,13,0,42,62,0.09,0.755,0.154,0.9999,0.07386513888888889,0.11764713321525846,0.3429972787286489,0.9594,-0.9367,1.8961000000000001,0,0,0,0,0,0,0,0,anger,0,197,285,158,89,252,0.6912280701754386,981,25,21,5,0,0,21,10,2,0,0,84,1,10,11,0.9090909090909091,168,19,118,37,8,27,0,12,389,"Trump, Putin, Zelensky, Volodymyr Zelensky, Cara Castronuova","NATO, the European Union, the White House, Lindell TV, IMF","Ukraine, China, Russia, Hungary, India",356,367,0.9700272479564033,67,0,17,13,2025-11-23T01:56:56.883797
_white-house-ivf-announcement,White House IVF Announcement,,https://www.rev.com/transcripts/white-house-ivf-announcement,Donald Trump,9995,888,55692,66.63333333333334,11.25563063063063,9.462882196623282,65,1,0.15189343163538874,0.15189343163538874,1813,69.55421936834603,6.699773755561775,8.952418984539868,10.048992091621944,7.5085667884693486,6.428016918600505,4.382371134020619,12,0,0,0,4,8,82,0.20010005002501252,579,4,2,1,4,11,0.047,0.794,0.16,1.0,0.15312432432432432,0.11588894582724615,0.3404246551400855,0.9552,-0.9056,1.8608,0,0,0,0,0,0,0,0,anger,0,253,259,211,112,358,0.9768339768339769,1193,35,30,5,0,0,34,12,4,0,0,120,4,10,18,0.5555555555555556,207,55,33,86,28,36,0,5,450,"Donald Trump, Trump, Katie Britt, Bobby, Biden","EMD Serono, FDA, Hamas, Medicare, Pfizer","the United States, Alabama, Russia, US, the United States of America",596,633,0.9415481832543444,62,0,82,32,2025-11-23T01:56:56.979324
_argentinas-president-visits-white-house,Argentina's President Visits White House,,https://www.rev.com/transcripts/argentina-president-visits-white-house,Donald Trump,9171,907,48938,61.14,10.114663726571113,8.114266294615312,51,1,0.13017429193899782,0.13017429193899782,1434,78.16244793278318,5.14528663785012,7.156670216045959,8.663903129480092,5.924835507973679,4.605255772365112,4.15134338510373,6,1,0,0,1,4,108,0.0,437,9,9,2,28,48,0.085,0.747,0.169,1.0,0.09286747519294378,0.14092781282306308,0.3754035333119057,0.9657,-0.9412,1.9069,0,0,0,0,0,0,0,0,anger,0,285,254,214,173,456,1.1220472440944882,1382,26,40,15,0,0,44,18,3,2,0,148,5,9,16,0.5625,181,37,161,49,10,29,2,16,485,"Donald Trump, Scott Bessent, Brian, Scott, Milei","NATO, ABC, the White House, Hamas, the United Nations","Argentina, China, Spain, New York, the United States",509,559,0.9105545617173524,98,0,41,20,2025-11-23T01:56:57.065943
_trump-press-gaggle-aboard-airforce-one-101425,Trump Press Gaggle Aboard Airforce One 10/14/25,,https://www.rev.com/transcripts/trump-press-gaggle-aboard-airforce-one-10-14-25,Donald Trump,2794,268,14795,18.626666666666665,10.425373134328359,8.02782183211819,41,1,0.2044392523364486,0.2044392523364486,700,78.37911428571428,5.665885714285718,7.652785714285715,8.563720534131155,6.2505952380952365,5.522433786685756,4.140458015267176,1,0,0,0,0,1,31,0.35790980672870437,118,1,2,2,4,9,0.068,0.779,0.153,0.9998,0.10466417910447762,0.10341320580641568,0.3215792372128768,0.9545,-0.9239,1.8784,0,0,0,0,0,0,0,0,anger,0,98,55,94,54,117,1.7818181818181817,418,2,9,3,0,0,16,8,2,1,0,41,0,8,4,2.0,93,5,39,19,1,7,1,4,169,"Donald Trump, Katie, Erdogan, Karoline, Trump","Knesset, Fox, House, Senate, NATO","Chicago, Gaza, New York City, Russia, D. C.",147,152,0.9671052631578947,39,0,9,0,2025-11-23T01:56:57.090554
_trump-speaks-at-ceasefire-ceremony,Trump Speaks at Ceasefire Ceremony,,https://www.rev.com/transcripts/trump-speaks-at-ceasefire-ceremony,Donald Trump,6694,705,35678,44.626666666666665,9.49645390070922,8.516337335355908,70,1,0.14476751318856582,0.14476751318856582,1180,78.43997449004478,5.1293224702473985,6.955897358021781,8.66139804025575,5.81883681880629,4.621453457920971,4.1449410304158905,9,0,1,1,0,7,54,0.5975500448162533,324,2,3,0,3,8,0.037,0.699,0.265,1.0,0.24934382978723402,0.12008484623497813,0.3465326048656578,0.9733,-0.8816,1.8549000000000002,0,0,0,0,0,0,0,0,anger,0,192,184,204,89,307,1.0434782608695652,976,11,17,0,0,3,21,11,1,0,0,64,2,9,34,0.2647058823529412,70,15,86,48,5,8,2,24,258,"Donald Trump, Victor, Shehbaz Sharif, God, Ivanka","the Board of Peace, the Abraham Accord, NATO, The Palestinian Authority, the Arab League","Gaza, Egypt, Norway, Pakistan, India",445,588,0.7568027210884354,38,0,12,30,2025-11-23T01:56:57.150186
_trump-announces-hostages-released,Trump Announces Hostages Released,,https://www.rev.com/transcripts/trump-announces-hostages-released,Donald Trump,8654,742,46551,57.693333333333335,11.66576819407008,9.225032634375644,60,1,0.1433169254070428,0.1433169254070428,1514,76.78274753169092,5.698380548967961,7.677291693263289,9.117067884135928,6.076876597722521,5.533512121885629,4.114773258532025,9,1,0,1,2,5,98,0.9244280101687081,477,2,27,3,21,53,0.089,0.708,0.203,1.0,0.1557890835579515,0.1804183468484863,0.42475680906665436,0.9737,-0.9459,1.9196,0,0,0,0,0,0,0,0,anger,0,292,167,216,169,371,1.748502994011976,1215,24,28,9,0,2,36,14,4,3,0,120,4,9,29,0.3103448275862069,115,25,135,80,1,25,2,21,404,"Bibi, Steve, Jared, Trump, Putin","ISIS, Knesset, Knesset-, Hamas, Hezbollah","Israel, Iran, the United States, Jerusalem, the United States of America",558,642,0.8691588785046729,50,0,18,35,2025-11-23T01:56:57.225062
_finnish-president-visits-white-house,Finnish President Visits White House,,https://www.rev.com/transcripts/finnish-president-visits-white-house,Donald Trump,4638,483,25034,30.92,9.604554865424431,7.702473316748975,44,1,0.1642692239389096,0.1642692239389096,925,74.62854979975137,5.545645850271658,7.964317455401122,9.254694463905677,6.291095280498663,4.708762428833019,4.2539428571428575,5,0,0,0,0,5,45,0.646830530401035,230,6,29,8,27,70,0.053,0.767,0.18,1.0,0.14869875776397515,0.11040413614752519,0.33227117862903066,0.9001,-0.9674,1.8675000000000002,0,0,0,0,0,0,0,0,anger,0,155,136,127,72,178,1.1397058823529411,668,11,24,4,0,0,9,4,3,3,1,59,4,4,18,0.2222222222222222,102,25,84,40,0,15,3,12,281,"Trump, Alexander Stubb, Presiden Trump, Obama, Petteri Orpo","NATO, Hezbollah, Nokia, Navy, DCA","Finland, Russia, Ukraine, Spain, US",268,306,0.8758169934640523,49,0,27,15,2025-11-23T01:56:57.267838
_white-house-cabinet-meeting-100925,White House Cabinet Meeting 10/09/25,,https://www.rev.com/transcripts/white-house-cabinet-meeting-10-09-25,Donald Trump,12522,975,68551,83.48,12.844102564102563,10.333728871986967,63,1,0.13054795434826136,0.13054795434826136,1956,71.949331851042,6.698189786912668,8.863786877222926,9.991690910308932,7.067682386134621,6.637683906763776,4.242003916449086,8,0,2,0,1,5,148,0.15971889474524836,699,25,33,13,14,85,0.071,0.786,0.143,1.0,0.10620256410256408,0.13696913073188693,0.37009340811731156,0.9782,-0.9729,1.9510999999999998,0,0,0,0,0,0,0,0,anger,0,307,484,247,253,431,0.6342975206611571,1722,30,28,14,0,1,43,21,3,2,0,142,5,20,24,0.8333333333333334,198,58,106,122,10,76,1,18,589,"Trump, Chuck Schumer, Marco, Kristi Noem, Biden","Hamas, Medicare, Medicaid, Antifa, ICE","Chicago, Memphis, Portland, Gaza, Iran",782,815,0.9595092024539877,40,1,39,31,2025-11-23T01:56:57.378462
_antifa-roundtable,ANTIFA Roundtable,,https://www.rev.com/transcripts/antifa-roundtable,Donald Trump,17612,1485,97282,117.41333333333333,11.861952861952862,10.55869279280004,76,1,0.11997153700189753,0.11997153700189753,2529,70.81752964734311,6.7317047041509745,9.039952520101313,9.93501593503263,7.421212646667826,6.618919474322141,4.330230107149131,17,2,0,2,4,9,141,0.34067681126504656,990,3,26,43,3,75,0.121,0.761,0.118,-0.9997,-0.003404309764309766,0.14927573769186367,0.38636218460385546,0.96,-0.9764,1.9364,0,0,0,0,0,0,0,0,anger,0,541,340,461,396,547,1.5911764705882352,2285,33,52,10,0,0,47,21,4,5,1,173,18,6,17,0.35294117647058826,358,275,161,144,6,54,1,17,1016,"Donald Trump, Trump, Pam, Nick Sortor, Nick","Antifa, ICE, CNN, MSNBC, FBI","Portland, Chicago, Oregon, Seattle, US",1017,1244,0.817524115755627,119,0,134,20,2025-11-23T01:56:57.535547
_trump-and-carney-at-the-white-house,Trump and Carney at the White House,,https://www.rev.com/transcripts/trump-and-carney-at-the-white-house,Donald Trump,6080,558,32756,40.53333333333333,10.89605734767025,8.800860511666754,62,1,0.14138023630504834,0.14138023630504834,1053,75.17625131686867,5.893603329546497,8.262576880901234,9.430133567022068,6.46579881656805,5.515092876997429,4.181380141111685,3,0,1,1,1,0,65,0.3289473684210526,353,19,13,11,12,55,0.07,0.782,0.148,1.0,0.09876702508960573,0.11306867163666963,0.3362568536649768,0.9408,-0.9601,1.9009,0,0,0,0,0,0,0,0,anger,0,169,275,126,114,216,0.6145454545454545,900,11,23,3,0,0,22,16,3,2,0,80,2,10,9,1.1111111111111112,126,9,110,36,9,17,1,13,321,"Trump, Carney, Mark, Schumer, Brian","NATO, the White House's, The National Guard, the Supreme Court, Social Security","Canada, the United States, China, Chicago, US",347,391,0.887468030690537,47,0,20,19,2025-11-23T01:56:57.583961
_trump-executive-order-100625,Trump Executive Order 10/06/25,,https://www.rev.com/transcripts/trump-executive-order-10-06-25,Donald Trump,8844,855,47572,58.96,10.346198830409357,7.323719786831145,40,1,0.13766233766233765,0.13766233766233765,1484,76.62066062735269,5.474755263124077,7.684692829399959,9.046886738149137,6.210006949270326,5.037366545608776,4.166255723846425,8,0,1,0,1,6,69,0.11307100859339665,413,12,10,7,8,37,0.064,0.784,0.152,1.0,0.10588116959064328,0.11378283366880748,0.3373171114378983,0.9231,-0.9186,1.8417,0,0,0,0,0,0,0,0,anger,0,278,245,210,195,374,1.1346938775510205,1302,19,25,7,0,0,31,15,2,0,0,99,3,23,11,2.090909090909091,158,69,103,73,6,39,6,6,460,"Donald Trump, Daniel, Trump, Biden, Doug","Hamas, ICE, DOJ, Army, Marines","Alaska, Chicago, Israel, America, China",486,535,0.908411214953271,68,0,46,15,2025-11-23T01:56:57.667742
_trump-makes-drug-announcement,Trump Makes Drug Announcement,,https://www.rev.com/transcripts/trump-makes-drug-announcement,Donald Trump,10318,736,56709,68.78666666666666,14.023097826086957,12.620969402717966,94,1,0.1451295506723516,0.1451295506723516,1770,69.91007940653681,7.265976928936773,9.36476801973374,10.185962601594124,7.439294809010775,7.310160094189946,4.311436249626754,24,1,0,1,4,18,89,0.1938360147315371,548,20,12,13,0,45,0.058,0.786,0.156,1.0,0.1400350543478261,0.1314891939342362,0.36261438737898444,0.9538,-0.8807,1.8345,0,0,0,0,0,0,0,0,anger,0,179,349,178,147,306,0.5128939828080229,1159,30,25,7,0,0,36,13,1,4,0,116,6,13,21,0.6190476190476191,145,68,69,94,28,64,2,0,470,"Donald Trump, Trump, Albert, Kennedy, Albert Borla","Pfizer, Medicaid, Obamacare, MFN, Medicare","the United States, US, America, the U. S., Germany",686,580,1.1827586206896552,55,0,67,35,2025-11-23T01:56:57.758268
_hegseth-and-trump-address-to-military,Hegseth and Trump Address to Military,,https://www.rev.com/transcripts/hegseth-and-trump-address-to-military,Donald Trump,18868,1546,102952,125.78666666666666,12.205045278137128,8.920665160881686,58,1,0.12398186060846211,0.12398186060846211,2816,75.2829650857842,5.890552431838845,8.030840585388985,9.3871,6.547925289186033,5.86306462322646,4.19084660876978,30,0,3,2,13,12,199,0.47699809200763194,1026,18,80,7,19,124,0.117,0.742,0.141,0.9999,0.036345342820181106,0.17075784615230813,0.41322856405663455,0.9636,-0.9531,1.9167,0,0,0,0,0,0,0,0,anger,0,468,641,395,378,633,0.7301092043681747,2515,55,29,21,0,32,70,20,5,5,0,237,4,67,24,2.7916666666666665,100,124,107,164,14,27,11,25,572,"Trump, Biden, Putin, Pete, Pete Hegseth","Army, Navy, Space Force, NATO, the War Department","America, Russia, the United States, Washington, D. C., China",1376,1093,1.2589204025617566,54,0,97,75,2025-11-23T01:56:57.925195
_trump-and-netanyahu-press-conference,Trump and Netanyahu Press Conference,,https://www.rev.com/transcripts/trump-and-netanyahu-press-conference,Donald Trump,6275,468,34809,41.833333333333336,13.414529914529915,9.067126354836752,54,1,0.1671577819448165,0.1671577819448165,1248,69.49416267276621,6.982444171833688,9.12690216566784,10.237873416939948,7.406535319557907,6.863853449637574,4.314907332796132,5,1,0,0,0,4,70,0.3187250996015936,367,1,15,0,8,24,0.07,0.75,0.18,1.0,0.16798183760683763,0.15078031264021294,0.3883044071861829,0.9501,-0.9107,1.8607999999999998,0,0,0,0,0,0,0,0,anger,0,203,156,83,132,187,1.3012820512820513,761,41,24,3,0,3,21,10,5,1,0,108,3,16,19,0.8421052631578947,65,48,105,62,0,42,4,18,344,"Bibi, Donald Trump, Abraham, Benjamin Netanyahu, Netanyahu","Hamas, the Board of Peace, the United Nations, United Nations Relief and Works Agency, the Palestinian Authority","Israel, Gaza, Iran, Qatar, the United States",441,384,1.1484375,18,0,15,9,2025-11-23T01:56:57.981402
_tiktok-executive-order,TikTok Executive Order,,https://www.rev.com/transcripts/tiktok-executive-order,Donald Trump,10618,973,57573,70.78666666666666,10.915724563206577,9.71342135308207,81,1,0.13121709750923233,0.13121709750923233,1670,73.46359496505582,6.217535754394458,8.287822290696292,9.431586420012476,6.787882285054817,5.849413459143072,4.228713063763608,11,0,1,0,0,10,107,0.09417969485778867,596,25,32,14,19,90,0.083,0.765,0.152,1.0,0.09134984583761563,0.1356914873098426,0.36836325455973834,0.9586,-0.9729,1.9315,0,0,0,0,0,0,0,0,anger,0,260,306,182,275,399,0.8496732026143791,1422,48,14,8,0,1,41,25,6,1,0,144,3,14,16,0.875,230,97,119,73,9,35,3,4,570,"Donald Trump, Will, Scott, Trump, Pam Bondi","TikTok, Antifa, Oracle, Treasury, ICE","China, Chicago, Washington DC, US, Russia",612,660,0.9272727272727272,106,0,47,18,2025-11-23T01:56:58.076480
_trump-speaks-at-un,Trump Speaks at U.N.,,https://www.rev.com/transcripts/trump-speaks-at-un,Donald Trump,8269,571,46625,55.126666666666665,14.486865148861646,11.052703823111784,74,1,0.18709743380022492,0.18709743380022492,1830,67.47656774359731,7.55659916137488,9.41171271570153,10.445307489219838,8.086216085271321,7.882781088083188,4.413093929400269,6,2,0,0,1,3,65,0.24186721489902044,453,16,16,20,27,79,0.129,0.72,0.151,0.9995,0.015065499124343266,0.2014271490198472,0.44880636027116105,0.9727,-0.9468,1.9195,0,0,0,0,0,0,0,0,anger,0,176,192,109,180,208,0.9166666666666666,865,25,21,8,0,9,34,6,1,1,0,105,2,12,15,0.8,20,45,133,88,11,21,1,20,339,"Donald Trump, Biden, Trump, Donald J. Trump, Steve Witkoff","the United Nations, UN, Hamas, Assembly, NATO","the United States, America, China, Iran, Russia",608,611,0.9950900163666121,15,0,36,28,2025-11-23T01:56:58.150471
_h-1b-executive-order,H-1B Executive Order,,https://www.rev.com/transcripts/h-1b-executive-order,Donald Trump,11332,1097,60468,75.54666666666667,10.331814038286236,8.385385759711045,59,1,0.11981936047782067,0.11981936047782067,1645,77.02801360230772,5.393002331747972,7.118003289100169,8.621571317764944,6.011680420785346,4.78465343920837,4.1563402590142555,3,0,0,0,0,3,93,0.6177197317331451,578,15,18,17,16,66,0.096,0.764,0.14,1.0,0.056448313582497724,0.13628232260654521,0.3691643571724459,0.9765,-0.9382,1.9147,0,0,0,0,0,0,0,0,anger,0,299,406,227,285,473,0.7364532019704434,1690,24,26,13,0,0,39,15,5,4,0,126,4,14,7,2.0,203,76,105,60,36,49,6,3,538,"Donald Trump, John, Xi, Biden, Brendan Carr","TikTok, NATO, UN, Treasury, Senate","Chicago, America, Memphis, US, Gaza",647,669,0.9671150971599403,90,0,58,29,2025-11-23T01:56:58.250434
_polish-president-visits-the-white-house,Polish President Visits the White House,,https://www.rev.com/transcripts/polish-president-visits-the-white-house,Donald Trump,5654,501,30698,37.693333333333335,11.285429141716566,8.065622031063265,50,1,0.1611661980168714,0.1611661980168714,1089,74.60942002881848,5.931542815973653,7.896624125154384,9.13403800706968,6.690309798270892,5.629879225832532,4.246427262733602,7,0,0,2,1,4,52,0.0,289,11,9,0,17,37,0.104,0.75,0.147,0.9998,0.053818962075848326,0.16741501047876303,0.40916379419342935,0.9497,-0.9577,1.9074,0,0,0,0,0,0,0,0,anger,0,159,204,112,157,165,0.7794117647058824,797,12,21,6,0,0,8,13,1,2,1,64,2,8,14,0.5714285714285714,95,17,106,45,5,28,0,4,300,"Donald Trump, Karol Nawrocki, Nawrocki, Putin, Epstein","NATO, the Justice Department, the Air Force Academy, Polish Radio, Hill","Poland, Chicago, China, Venezuela, Russia",321,359,0.8941504178272981,39,0,27,17,2025-11-23T01:56:58.301420
_trump-cabinet-meeting-82625,Trump Cabinet Meeting 8/26/25,,https://www.rev.com/transcripts/trump-cabinet-meeting-8-26-25,Donald Trump,35082,2969,192099,233.88,11.817110138093634,9.9496829551352,83,1,0.08810374612490238,0.08810374612490238,3723,73.76714099971562,6.136106469843146,8.126769440183578,9.444462467405465,6.831613516549993,6.022443427067156,4.24370188943317,36,4,3,4,10,15,304,0.2565418163160595,2046,109,71,22,41,243,0.075,0.773,0.152,1.0,0.09892020882452003,0.13818173334034037,0.3717280367961776,0.988,-0.9737,1.9617,0,0,0,0,0,0,0,0,anger,0,928,1116,900,712,1229,0.8315412186379928,4885,63,87,29,0,3,119,57,6,7,0,371,9,36,94,0.3829787234042553,533,211,333,287,68,137,12,28,1609,"Donald Trump, Bobby, Trump, Biden, Scott","Congress, the Department of Labor, CIA, Social Security, Intel","America, China, Chicago, the United States, Ukraine",2193,2108,1.0403225806451613,149,0,161,103,2025-11-23T01:56:58.614685
_executive-orders-on-82525,Executive Orders on 8/25/25,,https://www.rev.com/transcripts/executive-orders-on-8-25-25,Donald Trump,14618,1295,78307,97.45333333333333,11.288803088803089,9.494074056839203,81,1,0.11120471777590564,0.11120471777590564,1980,78.38556936751472,5.394230775998732,7.6367736832862505,8.976849622999243,5.981828239524269,5.266332347179333,4.106043648573028,7,0,2,2,1,2,154,0.13681762210972773,748,20,46,18,27,111,0.113,0.749,0.137,0.9999,0.03346254826254826,0.153211417230572,0.39142230037463627,0.9491,-0.9618,1.9109,0,0,0,0,0,0,0,0,anger,0,456,461,330,342,565,0.9891540130151844,2154,20,39,23,0,0,44,18,4,4,1,153,2,28,22,1.2727272727272727,188,96,156,98,22,44,5,9,618,"Donald Trump, Trump, Pritzker, Biden, Pam","NATO, Intel, ICE, Congress, Social Security","Chicago, Ukraine, Illinois, China, Los Angeles",842,892,0.9439461883408071,92,0,96,34,2025-11-23T01:56:58.770171
_european-leaders-meet-at-white-house,European Leaders Meet at White House,,https://www.rev.com/transcripts/european-leaders-meet-at-white-house,Donald Trump,4483,352,23926,29.886666666666667,12.735795454545455,10.664888890610639,90,1,0.1588179218303146,0.1588179218303146,833,72.96036276059309,6.643621585007903,9.093008203507187,10.061304954700963,6.5069315872657505,6.165227897984984,4.15139804501023,7,1,1,0,1,4,33,0.4461298237787196,291,2,29,1,14,46,0.049,0.738,0.213,1.0,0.24700170454545456,0.14993231408800362,0.38721094262430605,0.9716,-0.9587,1.9303,0,0,0,0,0,0,0,0,anger,0,140,205,122,15,113,0.6829268292682927,595,21,13,3,0,0,25,11,2,4,0,79,6,3,19,0.15789473684210525,88,11,46,47,0,12,1,8,213,"Donald Trump, Putin, Zelenskyy, Mark Rutte, Meloni","NATO, White House, the European Commission, the coalition of the willings, the coalition of the willing","Ukraine, Russia, the United Kingdom, Germany, Italy",296,360,0.8222222222222222,7,0,8,11,2025-11-23T01:56:58.810855
_trump-meets-with-zelenskyy,Trump Meets with Zelenskyy,,https://www.rev.com/transcripts/trump-meets-with-zelenskyy,Donald Trump,4920,504,26616,32.8,9.761904761904763,7.5218502572516694,44,1,0.15060540719854038,0.15060540719854038,908,76.65637465051259,5.488008698353529,7.87929622412381,9.122685957420869,6.425329153605016,5.219286914963746,4.20004233700254,5,0,0,1,0,4,47,1.016260162601626,225,0,14,0,19,33,0.102,0.735,0.163,0.9999,0.07766329365079366,0.1492425582756598,0.38631924398825873,0.9612,-0.943,1.9042,0,0,0,0,0,0,0,0,anger,0,143,161,129,79,189,0.8881987577639752,701,11,18,2,0,1,20,5,3,1,0,61,1,5,10,0.5,112,11,54,48,4,27,0,7,263,"Donald Trump, Volodymyr Zelenskyy, Trump, Zelenskyy, Putin","NATO, MTG, EU, X, Patriots","Ukraine, Russia, the United States, Washington, D. C., D. C.",286,272,1.0514705882352942,59,8,25,9,2025-11-23T01:56:58.855787
_trump-hosts-world-leaders-at-the-white-house,Trump Hosts World Leaders At The White House,,https://www.rev.com/transcripts/trump-hosts-world-leaders-at-the-white-house,Donald Trump,6900,600,38659,46.0,11.501666666666667,9.583318695640996,60,1,0.15100711615004223,0.15100711615004223,1252,69.53588251097605,6.749173810034218,9.140106517145474,10.07931086160657,7.724830633284242,6.66742155009452,4.401727218582489,12,1,0,0,3,8,77,0.14492753623188406,392,18,11,1,16,46,0.058,0.726,0.215,1.0,0.1944491666666667,0.14702766836597222,0.3834418709087105,0.9793,-0.8826,1.8618999999999999,0,0,0,0,0,0,0,0,anger,0,198,209,131,133,221,0.9473684210526315,892,39,27,6,0,0,8,14,3,3,0,100,4,1,15,0.06666666666666667,138,15,107,73,7,17,3,15,375,"Donald Trump, Aliyev, Trump, Putin, Nikol Pashinyan","NATO, State, the European Union, the State Department, the Atomic Energy Commission","Azerbaijan, Armenia, Russia, Ukraine, the United States",418,490,0.8530612244897959,53,0,14,13,2025-11-23T01:56:58.919579
_trump-and-starmer-hold-press-conference,Trump and Starmer Hold Press Conference,,https://www.rev.com/transcripts/trump-and-starmer-hold-press-conference,Donald Trump,13287,1209,71239,88.58,10.991728701406121,7.908069675604896,57,1,0.11025754045715006,0.11025754045715006,1751,77.12841577373545,5.5171264778562445,7.732719892048251,9.035731156855345,6.293352801045106,5.182781434608401,4.164854791116633,9,2,3,0,1,3,159,0.45156920298035674,673,34,14,22,37,107,0.07,0.782,0.148,1.0,0.09663556658395368,0.12839635031483615,0.3583243646681539,0.9622,-0.91,1.8722,0,0,0,0,0,0,0,0,anger,0,436,408,337,287,506,1.0686274509803921,1974,29,48,19,0,3,56,21,2,5,0,183,14,16,36,0.4444444444444444,203,42,147,74,10,27,6,8,517,"Donald Trump, Keir Starmer, Putin, Charles, Nigel","Hamas, NATO, Parliament, Turnberry, the European Union","Scotland, Russia, the United States, the United Kingdom, Israel",802,898,0.8930957683741648,89,0,36,27,2025-11-23T01:56:59.034829
_trump-announces-eu-deal,Trump Announces EU Deal,,https://www.rev.com/transcripts/trump-announces-eu-deal,Donald Trump,2244,226,11950,14.96,9.929203539823009,7.792913520344152,44,1,0.20201267238166232,0.20201267238166232,542,76.81588441548516,5.396121737302714,7.346050368785112,8.81185789822538,5.995620437956205,4.682538077106141,4.1631896152063055,3,0,0,1,1,1,22,0.44563279857397503,107,22,5,0,5,32,0.015,0.791,0.194,0.9999,0.2076486725663717,0.08129410515310519,0.28512121133494295,0.9379,-0.6705,1.6084,0,0,0,0,0,0,0,0,anger,0,47,63,55,40,104,0.746031746031746,309,12,6,1,0,0,3,1,0,1,0,24,2,4,4,1.0,37,8,16,10,7,5,0,5,88,"Donald Trump, Ursula von der Leyen, Howard Lutnick, Ursula, Howard","NATO, the European Union, The European Union, EU","US, the United States, UK, Iran, the United States of America",140,168,0.8333333333333334,20,0,12,14,2025-11-23T01:56:59.056630
_starmer-arrives-in-scotland,Starmer Arrives in Scotland,,https://www.rev.com/transcripts/starmer-arrives-in-scotland,Donald Trump,2821,326,14702,18.80666666666667,8.653374233128835,6.203559063656006,35,1,0.18641576007056748,0.18641576007056748,634,82.49505250253254,4.123013414374483,5.8757210790860945,7.669130373188453,4.969326958440604,3.178608618319995,4.058691588785047,1,0,0,0,1,0,30,0.7089684509039348,132,13,2,6,10,31,0.097,0.789,0.114,0.9627,0.030833742331288338,0.11382973389212991,0.33738662375993794,0.9194,-0.8834,1.8028,0,0,0,0,0,0,0,0,anger,0,93,95,92,58,94,0.9789473684210527,432,2,8,2,0,0,4,3,0,0,0,19,0,2,3,0.6666666666666666,72,3,36,27,2,4,1,4,149,"Donald Trump, Keir Starmer, Victoria Starmer, Trump, Putin",Hamas,"Gaza, Israel, Pakistan, Congo, UK",161,182,0.8846153846153846,31,0,3,2,2025-11-23T01:56:59.081423
_trump-ai-action-plan,Trump AI Action Plan,,https://www.rev.com/transcripts/trump-ai-action-plan,Donald Trump,8966,736,49020,59.77333333333333,12.186141304347826,9.711986839536873,82,1,0.15004152440712373,0.15004152440712373,1626,72.2152367450632,6.4374108625352235,8.277494699761844,9.741287054428554,6.710999216739399,6.15406691914697,4.20447895566059,6,1,1,0,1,3,104,0.2230649118893598,493,29,7,1,18,55,0.049,0.785,0.167,1.0,0.15469171195652173,0.12687608383076485,0.3561966926162634,0.9855,-0.8702,1.8557000000000001,0,0,0,0,0,0,0,0,anger,0,196,315,228,149,352,0.6222222222222222,1240,51,13,7,0,4,37,10,5,2,0,129,7,24,6,4.0,85,27,82,63,20,35,0,16,328,"Donald Trump, Doug, Chris, Jensen, Howard","NVIDIA, Palantir, NATO, Meta, Google","America, China, Japan, the United States, Russia",708,581,1.2185886402753872,50,0,54,39,2025-11-23T01:56:59.161071
_philippine-president-visits-white-house,Philippine President Visits White House,,https://www.rev.com/transcripts/philippine-president-visits-white-house,Donald Trump,5852,559,31668,39.013333333333335,10.470483005366725,8.554284510561713,61,1,0.16787182759109598,0.16787182759109598,1184,75.41008765160694,5.814160707075242,7.757414569219495,9.170257120522418,6.505493741307376,5.533837214002748,4.21617802896503,3,0,0,0,0,3,69,0.34176349965823655,327,10,9,3,21,43,0.078,0.807,0.115,0.9998,0.033597137745974955,0.10631361916890948,0.32605769300678905,0.9509,-0.8739,1.8248,0,0,0,0,0,0,0,0,anger,0,133,149,103,123,281,0.8926174496644296,789,7,23,18,0,2,14,3,0,0,2,69,5,4,6,0.6666666666666666,143,41,57,42,17,9,1,7,317,"Donald Trump, Obama, Marcos, Brian, Biden","Fed, FBI, Harvard, AstraZeneca, ASEAN","Philippines, China, the United States, US, New York",312,370,0.8432432432432433,52,0,19,12,2025-11-23T01:56:59.212228
_trump-speaks-to-republican-senators,Trump Speaks to Republican Senators,,https://www.rev.com/transcripts/trump-speaks-to-republican-senators,Donald Trump,2593,235,13928,17.286666666666665,11.034042553191489,9.234930832851479,51,1,0.21606475716064757,0.21606475716064757,694,77.47808542113512,5.592136859398533,7.351255723390986,9.007467420416297,5.926144297905356,5.47966485938764,4.09065934065934,1,1,0,0,0,0,34,0.0,129,4,3,2,4,13,0.062,0.722,0.217,0.9999,0.21199489361702128,0.1501126095058397,0.3874436855929384,0.9169,-0.8793,1.7962,0,0,0,0,0,0,0,0,anger,0,68,110,81,41,118,0.6181818181818182,418,5,5,2,0,0,10,3,0,0,0,25,1,1,7,0.14285714285714285,46,16,27,29,5,11,0,4,138,"John, Donald Trump, Shelly, Lindsey Graham, Ted","Senate, MAGA, Senate finance committee, Senate budget committee, State","America, Nebraska, India, Congo, Egypt",193,205,0.9414634146341463,19,0,8,9,2025-11-23T01:56:59.234795
_trump-welcomes-prince-of-bahrain,Trump Welcomes Prince Of Bahrain,,https://www.rev.com/transcripts/trump-welcomes-prince-of-bahrain,Donald Trump,5319,553,28733,35.46,9.622061482820977,7.3003270815165555,45,1,0.17103404989800722,0.17103404989800722,1090,76.41372459314772,5.232661390904383,7.274944541058414,8.841846274778883,6.173543549317436,4.60042876687309,4.233733045016709,4,1,0,1,1,1,53,0.5640157924421885,279,17,4,1,10,32,0.09,0.775,0.136,0.9998,0.05457956600361663,0.12216974824429626,0.34952789337089574,0.9022,-0.9423,1.8445,0,0,0,0,0,0,0,0,anger,0,108,200,134,95,238,0.54,775,4,8,14,0,0,15,2,4,1,0,48,4,1,8,0.125,84,13,59,43,28,35,1,6,269,"Trump, Jerome Powell, Biden, Epstein, Pam Bondi","Fed, Treasury, the Wharton School of Finance, CNBC, FBI","Pennsylvania, the United States, Syria, Homer City, Russia",301,299,1.0066889632107023,39,0,4,22,2025-11-23T01:56:59.283956
_trump-meets-with-nato-secretary-general,Trump Meets with NATO Secretary-General,,https://www.rev.com/transcripts/trump-meets-with-rutte,Donald Trump,6871,637,36501,45.806666666666665,10.78806907378336,7.917985143721989,57,1,0.13753616200578592,0.13753616200578592,1141,79.15312327005115,5.136569065890928,7.166037462777833,8.460901736383073,5.807921673342232,4.753697690186044,4.1129518072289155,16,1,1,0,3,11,91,0.43661766846165045,356,14,13,2,28,57,0.071,0.794,0.135,0.9999,0.07284348508634222,0.12363530160983217,0.3516181190010438,0.9552,-0.9331,1.8883,0,0,0,0,0,0,0,0,anger,0,187,208,148,176,311,0.8990384615384616,1030,26,17,10,1,0,19,10,6,2,0,91,5,11,5,2.2,152,41,84,66,3,26,2,9,383,"Donald Trump, Mark Rutte, Putin, Biden, Mark","NATO, House, Patriots, Senate, Resolute","Ukraine, Russia, the U. S., Germany, Egypt",383,432,0.8865740740740741,42,0,38,28,2025-11-23T01:56:59.344498
_african-leaders-at-white-house,African Leaders at White House,,https://www.rev.com/transcripts/african-leaders-at-white-house,Donald Trump,7839,658,42518,52.26,11.913373860182372,9.34415135819778,66,1,0.1619573454584822,0.1619573454584822,1496,73.0217505268704,6.359122760800847,8.744104550953868,9.748163439937542,6.848381248381248,6.018499992136263,4.252615062761507,12,0,2,1,5,4,58,0.3827018752391887,428,20,16,12,13,61,0.077,0.744,0.18,1.0,0.13148510638297872,0.16472197722498869,0.4058595535711691,0.9696,-0.957,1.9266,0,0,0,0,0,0,0,0,anger,0,183,229,214,127,242,0.7991266375545851,995,16,32,6,0,0,34,13,0,3,0,104,5,6,15,0.4,120,42,100,64,7,30,1,36,400,"Donald Trump, Peter, Trump, Mohamed Ould Ghazouani, Joseph Boakai","ICE, the White House, CBP, IRS, Harvard","Ukraine, the United States, Mauritania, Liberia, Russia",502,514,0.9766536964980544,40,0,37,15,2025-11-23T01:56:59.413741
_white-house-dinner-with-netanyahu,White House Dinner with Netanyahu,,https://www.rev.com/transcripts/white-house-dinner-with-netanyahu,Donald Trump,5994,509,32199,39.96,11.777996070726916,9.151627503598533,54,1,0.15759511246875868,0.15759511246875868,1135,75.72775171065496,5.864013405948892,7.999397320280173,9.213105409118388,6.371171477079798,5.536761176761178,4.178325292901447,3,0,0,0,0,3,75,0.0,324,10,10,0,23,43,0.071,0.775,0.154,1.0,0.10731689587426327,0.14207568776953924,0.3769292874924145,0.9655,-0.9661,1.9316,0,0,0,0,0,0,0,0,anger,0,164,214,140,133,230,0.7663551401869159,881,15,25,8,0,0,22,9,0,2,0,81,4,3,9,0.3333333333333333,91,18,91,34,7,23,1,10,275,"Trump, Bibi, Brian, Mike, Steve","the White House, Hamas, Hezbollah, the Nobel Prize Committee, State","Israel, Iran, Syria, the United States, Texas",343,379,0.9050131926121372,66,0,8,14,2025-11-23T01:56:59.466463
_trump-speaks-at-military-family-picnic,Trump Speaks at Military Family Picnic,,https://www.rev.com/transcripts/trump-speaks-at-military-family-picnic,Donald Trump,4270,398,23202,28.466666666666665,10.731155778894472,9.237273421969025,74,1,0.1958428680396644,0.1958428680396644,1027,77.33071227693411,5.327810246970394,7.105639924323772,8.865021811216593,6.130330188679249,5.199198904565158,4.153425309229306,7,0,0,0,4,3,28,0.936768149882904,249,8,19,4,13,44,0.057,0.735,0.208,1.0,0.20548793969849247,0.13925909236711193,0.37317434580516373,0.9664,-0.8625,1.8289,0,0,0,0,0,0,0,0,anger,0,91,172,126,89,162,0.5290697674418605,640,7,7,2,0,0,8,0,0,0,0,24,1,13,2,6.5,66,25,31,31,4,11,2,1,171,"Trump, Mike, Donald Trump, Melania Trump, Skedaddle","House, NATO, Air Force, the National Park Service, USO","America, Russia, China, the United States, United States",285,301,0.946843853820598,24,0,22,24,2025-11-23T01:56:59.505171
_trump-at-2025-nato-summit,Trump at 2025 Nato Summit,,https://www.rev.com/transcripts/trump-at-2025-nato-summit,Donald Trump,3864,385,20868,25.76,10.03896103896104,8.0840416123799,54,1,0.1739687967514426,0.1739687967514426,814,76.51186192226437,5.477427526794589,7.828815635883041,9.139804045223492,6.227760252365936,5.114658171405779,4.165826479172194,4,0,0,2,0,2,36,0.2587991718426501,229,0,8,0,21,29,0.087,0.789,0.124,0.9994,0.04080467532467533,0.11018326771840106,0.33193865053410254,0.9667,-0.8934,1.8601,0,0,0,0,0,0,0,0,anger,0,103,89,83,159,179,1.1573033707865168,613,7,12,1,0,0,16,5,1,4,0,46,4,6,7,0.8571428571428571,69,17,39,28,2,16,1,2,174,"Donald Trump, Mark Rutte, Katie, Marco, Trump","CNN, NATO, the New York Times, FBI, New York Times","Iran, Israel, the United States, Russia, Gaza",209,294,0.7108843537414966,30,0,13,1,2025-11-23T01:56:59.536474
_trump-speaks-on-iran-bombing,Trump Speaks on Iran Bombing,,https://www.rev.com/transcripts/trump-speaks-on-iran-bombing,Donald Trump,529,35,3008,3.526666666666667,15.114285714285714,10.200200078069697,47,2,0.4482758620689655,0.4482758620689655,273,64.14231818181823,8.060474025974024,10.731255411255411,11.491704259439757,8.557575757575762,8.193764515257904,4.532442748091603,0,0,0,0,0,0,2,0.0,32,0,9,0,5,14,0.089,0.732,0.179,0.9943,0.03590285714285715,0.3207847374204082,0.5663786166694574,0.9716,-0.9081,1.8797000000000001,0,0,0,0,0,0,0,0,anger,0,10,10,4,5,1,1.0,30,7,1,0,0,1,2,2,0,0,0,13,0,0,2,0.0,6,3,14,5,0,3,1,3,35,"Trump, Qasem Soleimani, Bibi Netanyahu, Dan ""Razin"" Caine, Caine","the Joint Chiefs of Staff, Defense, Pentagon","Iran, Israel, America, U. S., Natanz",41,35,1.1714285714285715,0,0,3,4,2025-11-23T01:56:59.544745
_trump-and-starmer-speak-to-press-at-g7,Trump and Starmer Speak to Press at G7,,https://www.rev.com/transcripts/trump-and-starmer-speak-to-press-at-g7,Donald Trump,1602,185,8455,10.68,8.659459459459459,5.487846988818182,28,1,0.24526315789473685,0.24526315789473685,466,78.52081459824579,4.390222804718217,6.787660046375644,8.192908349453996,5.101179554390566,2.9135811005473933,4.31354748603352,2,0,0,0,0,2,13,0.0,87,3,1,0,15,19,0.042,0.816,0.141,0.9995,0.10951783783783783,0.0824700984385683,0.28717607567234477,0.901,-0.7783,1.6793,0,0,0,0,0,0,0,0,anger,0,42,38,53,16,45,1.105263157894737,194,8,6,1,0,0,10,3,1,1,0,30,0,0,5,0.0,48,3,47,10,5,6,1,3,123,"Donald J. Trump, Keir Starmer, Donald, Netanyahu, Tucker Carlson","the European Union, AUKUS, G7","UK, Iran, US, Israel, Russia",61,77,0.7922077922077922,36,0,53,0,2025-11-23T01:56:59.559702
_trump-and-carney-speak-to-press,Trump and Carney Speak to Press,,https://www.rev.com/transcripts/trump-and-carney-speak-to-press,Donald Trump,1405,158,7254,9.366666666666667,8.89240506329114,7.206348680453795,46,1,0.24633431085043989,0.24633431085043989,420,82.24191434165444,4.294593245227606,6.032618697993147,7.608471657324768,4.657709251101327,3.2254764729141954,4.0373475609756095,0,0,0,0,0,0,15,0.7117437722419929,66,8,1,3,9,21,0.071,0.797,0.132,0.9981,0.07753227848101266,0.11185542826189714,0.3344479455190256,0.93,-0.9042,1.8342,0,0,0,0,0,0,0,0,anger,0,46,31,44,15,53,1.4838709677419355,189,3,7,6,0,0,5,0,0,0,0,21,0,0,4,0.0,37,17,31,14,0,4,0,0,103,"Donald Trump, Mark Carney, Mark, Trudeau, Putin","G7, G8, ICE, the U. S. Military","Canada, the United States, Russia, Israel, China",65,97,0.6701030927835051,17,0,30,4,2025-11-23T01:56:59.572564
_trump-bill-signing-61225,Trump Bill Signing 6/12/25,,https://www.rev.com/transcripts/trump-bill-signing-6-12-25,Donald Trump,13451,1398,72627,89.67333333333333,9.621602288984263,7.813309305074359,56,1,0.11295681063122924,0.11295681063122924,1904,79.31797871812593,4.877830089561311,6.790281790230236,8.46946738663618,5.749167106354111,4.688886441272938,4.114767868051313,12,0,1,0,2,9,151,0.2230317448516839,723,26,28,4,26,84,0.084,0.772,0.144,1.0,0.06952346208869815,0.1220456371748523,0.34935030724883054,0.9465,-0.9454,1.8919000000000001,0,0,0,0,0,0,0,0,anger,0,530,312,354,387,679,1.6987179487179487,2262,19,48,9,0,4,62,21,3,7,0,173,1,15,12,1.25,216,74,129,105,28,36,1,10,599,"Donald Trump, Chris Wright, Trump, Biden, John","Congress, Senate, House, TikTok, ISIS","California, China, Iran, Los Angeles, Pakistan",823,920,0.8945652173913043,106,0,35,36,2025-11-23T01:56:59.690588
_german-chancellor-visits-white-house,German Chancellor Visits White House,,https://www.rev.com/transcripts/german-chancellor-visits-white-house,Donald Trump,7182,700,38195,47.88,10.264285714285714,7.784793523535588,49,1,0.1337891737891738,0.1337891737891738,1174,80.21582075471699,4.824630938043626,6.453820420179312,8.163872511770816,5.601758865248225,4.451625762519505,4.082926829268293,7,0,0,0,3,4,87,0.278473962684489,405,17,15,5,31,68,0.1,0.768,0.132,0.9998,0.039507857142857136,0.1276249109239796,0.35724628888762383,0.9187,-0.9161,1.8348,0,0,0,0,0,0,0,0,anger,0,311,225,168,103,353,1.3822222222222222,1160,12,34,6,0,0,21,11,3,0,0,87,3,3,3,1.0,131,24,73,44,9,14,3,7,305,"Donald Trump, Friedrich Merz, Biden, Elon, Putin","CBO, Harvard, NASA, Hamas, The Biden Administration","Russia, Germany, Ukraine, China, India",415,503,0.8250497017892644,64,0,14,29,2025-11-23T01:56:59.754166
_trump-and-musk-press-conference,Trump and Musk Press Conference,,https://www.rev.com/transcripts/trump-and-musk-press-conference,Donald Trump,9805,854,52658,65.36666666666666,11.482435597189696,8.994223786140365,62,1,0.13396722981577383,0.13396722981577383,1578,77.23009056815327,5.576259931566433,7.538065688491949,8.849222322105092,6.3193890274314235,5.3727085215975094,4.173083008121506,3,0,1,0,0,2,95,0.6119326874043856,576,16,10,5,10,41,0.078,0.795,0.126,0.9999,0.06295714285714285,0.11483053045834726,0.338866537826247,0.9371,-0.9186,1.8557000000000001,0,0,0,0,0,0,0,0,anger,0,304,247,161,199,385,1.2307692307692308,1296,12,51,14,0,1,26,21,4,4,0,133,6,11,15,0.7333333333333333,192,66,62,67,43,15,2,10,457,"Donald Trump, Elon Musk, Elon, Peter Doocy, Trump","DOGE, Congress, Harvard, ISIS, New York Times","America, the United States, Russia, Burma, Ukraine",521,609,0.8555008210180624,64,0,40,22,2025-11-23T01:56:59.841494
